Timestamp,Role,Location,Company,Category,Job Link,Responsibilities,Qualifications,Apply Link
09/08/2025 18:32:23,Crew Captain,Bangalore,Swiggy,N/A,https://careers.swiggy.com/#/careers,Visit job link for details,Visit job link for details,https://careers.swiggy.com/#/careers
09/08/2025 18:32:23,Sales Manager II,Jaipur,Swiggy,N/A,https://careers.swiggy.com/#/careers,Visit job link for details,Visit job link for details,https://careers.swiggy.com/#/careers
09/08/2025 18:32:23,Content Executive,Kolkata,Swiggy,N/A,https://careers.swiggy.com/#/careers,Visit job link for details,Visit job link for details,https://careers.swiggy.com/#/careers
09/08/2025 18:32:23,Content Executive,Ahmedabad,Swiggy,N/A,https://careers.swiggy.com/#/careers,Visit job link for details,Visit job link for details,https://careers.swiggy.com/#/careers
09/08/2025 18:32:23,Content Executive,Chennai,Swiggy,N/A,https://careers.swiggy.com/#/careers,Visit job link for details,Visit job link for details,https://careers.swiggy.com/#/careers
09/08/2025 18:32:23,Content Lead,Kolkata,Swiggy,N/A,https://careers.swiggy.com/#/careers,Visit job link for details,Visit job link for details,https://careers.swiggy.com/#/careers
09/08/2025 18:32:23,Content Lead,Ahmedabad,Swiggy,N/A,https://careers.swiggy.com/#/careers,Visit job link for details,Visit job link for details,https://careers.swiggy.com/#/careers
09/08/2025 18:32:23,Key Account Manager I,Mumbai,Swiggy,N/A,https://careers.swiggy.com/#/careers,Visit job link for details,Visit job link for details,https://careers.swiggy.com/#/careers
09/08/2025 18:32:23,Account Manager - Retail,Chandigarh,Swiggy,N/A,https://careers.swiggy.com/#/careers,Visit job link for details,Visit job link for details,https://careers.swiggy.com/#/careers
09/08/2025 18:32:23,Sales Manager I,Kurukshetra,Swiggy,N/A,https://careers.swiggy.com/#/careers,Visit job link for details,Visit job link for details,https://careers.swiggy.com/#/careers
09/08/2025 18:32:30,Senior Executive - Videographer,Chennai,Swiggy,N/A,https://careers.swiggy.com/#/careers,Visit job link for details,Visit job link for details,https://careers.swiggy.com/#/careers
09/08/2025 18:32:30,Executive - Client Servicing,Mumbai,Swiggy,N/A,https://careers.swiggy.com/#/careers,Visit job link for details,Visit job link for details,https://careers.swiggy.com/#/careers
09/08/2025 18:32:30,Manager - Demand Planning,Bengaluru,Swiggy,N/A,https://careers.swiggy.com/#/careers,Visit job link for details,Visit job link for details,https://careers.swiggy.com/#/careers
09/08/2025 18:32:30,Lead - Inventory Management,Bangalore,Swiggy,N/A,https://careers.swiggy.com/#/careers,Visit job link for details,Visit job link for details,https://careers.swiggy.com/#/careers
09/08/2025 18:32:30,Sales Manager I,Mumbai,Swiggy,N/A,https://careers.swiggy.com/#/careers,Visit job link for details,Visit job link for details,https://careers.swiggy.com/#/careers
09/08/2025 18:32:30,Manager - National Accounts,Bengaluru,Swiggy,N/A,https://careers.swiggy.com/#/careers,Visit job link for details,Visit job link for details,https://careers.swiggy.com/#/careers
09/08/2025 18:32:30,Sales Manager I,Abohar,Swiggy,N/A,https://careers.swiggy.com/#/careers,Visit job link for details,Visit job link for details,https://careers.swiggy.com/#/careers
09/08/2025 18:32:30,Sales Manager I,Allahabad,Swiggy,N/A,https://careers.swiggy.com/#/careers,Visit job link for details,Visit job link for details,https://careers.swiggy.com/#/careers
09/08/2025 18:32:30,Lead - MIS,Bangalore,Swiggy,N/A,https://careers.swiggy.com/#/careers,Visit job link for details,Visit job link for details,https://careers.swiggy.com/#/careers
09/08/2025 18:32:30,Sales Manager I,Mumbai,Swiggy,N/A,https://careers.swiggy.com/#/careers,Visit job link for details,Visit job link for details,https://careers.swiggy.com/#/careers
09/08/2025 18:32:36,Sales Manager II,Rourkela,Swiggy,N/A,https://careers.swiggy.com/#/careers,Visit job link for details,Visit job link for details,https://careers.swiggy.com/#/careers
09/08/2025 18:32:36,Senior Fleet Excellence Manager,Indore-Metro Tower - SNO,Swiggy,N/A,https://careers.swiggy.com/#/careers,Visit job link for details,Visit job link for details,https://careers.swiggy.com/#/careers
09/08/2025 18:32:36,Executive Video Editor,Mumbai,Swiggy,N/A,https://careers.swiggy.com/#/careers,Visit job link for details,Visit job link for details,https://careers.swiggy.com/#/careers
09/08/2025 18:32:36,Senior Fleet Excellence Manager,Indore-Metro Tower - SNO,Swiggy,N/A,https://careers.swiggy.com/#/careers,Visit job link for details,Visit job link for details,https://careers.swiggy.com/#/careers
09/08/2025 18:32:36,Engineering Manager - Android,Bengaluru,Swiggy,N/A,https://careers.swiggy.com/#/careers,Visit job link for details,Visit job link for details,https://careers.swiggy.com/#/careers
09/08/2025 18:32:36,Senior Consultant Infosec,Bengaluru,Swiggy,N/A,https://careers.swiggy.com/#/careers,Visit job link for details,Visit job link for details,https://careers.swiggy.com/#/careers
09/08/2025 18:32:36,Senior Saas Application Administrator,Bengaluru,Swiggy,N/A,https://careers.swiggy.com/#/careers,Visit job link for details,Visit job link for details,https://careers.swiggy.com/#/careers
09/08/2025 18:32:36,Service Ops Engineer II,Bangalore_Embassy Tech Village,Swiggy,N/A,https://careers.swiggy.com/#/careers,Visit job link for details,Visit job link for details,https://careers.swiggy.com/#/careers
09/08/2025 18:32:36,SOC Analyst III,Bangalore_Embassy Tech Village,Swiggy,N/A,https://careers.swiggy.com/#/careers,Visit job link for details,Visit job link for details,https://careers.swiggy.com/#/careers
09/08/2025 18:32:36,compliance Analyst,Bangalore_Embassy Tech Village,Swiggy,N/A,https://careers.swiggy.com/#/careers,Visit job link for details,Visit job link for details,https://careers.swiggy.com/#/careers
09/08/2025 18:32:42,Infosec Manager,Bangalore_Embassy Tech Village,Swiggy,N/A,https://careers.swiggy.com/#/careers,Visit job link for details,Visit job link for details,https://careers.swiggy.com/#/careers
09/08/2025 18:32:42,Software Development Engineer III,Bengaluru,Swiggy,N/A,https://careers.swiggy.com/#/careers,Visit job link for details,Visit job link for details,https://careers.swiggy.com/#/careers
09/08/2025 18:32:42,Fleet excellence manager,Lucknow,Swiggy,N/A,https://careers.swiggy.com/#/careers,Visit job link for details,Visit job link for details,https://careers.swiggy.com/#/careers
09/08/2025 18:32:42,Fleet excellence manager,Lucknow,Swiggy,N/A,https://careers.swiggy.com/#/careers,Visit job link for details,Visit job link for details,https://careers.swiggy.com/#/careers
09/08/2025 18:32:42,Fleet excellence manager,Bahadurgarh,Swiggy,N/A,https://careers.swiggy.com/#/careers,Visit job link for details,Visit job link for details,https://careers.swiggy.com/#/careers
09/08/2025 18:32:42,Senior Fleet Excellence Manager,Indore-Metro Tower - SNO,Swiggy,N/A,https://careers.swiggy.com/#/careers,Visit job link for details,Visit job link for details,https://careers.swiggy.com/#/careers
09/08/2025 18:32:42,Fleet excellence manager,Guwahati,Swiggy,N/A,https://careers.swiggy.com/#/careers,Visit job link for details,Visit job link for details,https://careers.swiggy.com/#/careers
09/08/2025 18:32:42,Fleet Excellence Manager,Indore-Metro Tower - SNO,Swiggy,N/A,https://careers.swiggy.com/#/careers,Visit job link for details,Visit job link for details,https://careers.swiggy.com/#/careers
09/08/2025 18:32:42,Principal Software Engineer,Bangalore,Swiggy,N/A,https://careers.swiggy.com/#/careers,Visit job link for details,Visit job link for details,https://careers.swiggy.com/#/careers
09/08/2025 18:32:42,Area Manager I,Chandigarh,Swiggy,N/A,https://careers.swiggy.com/#/careers,Visit job link for details,Visit job link for details,https://careers.swiggy.com/#/careers
09/08/2025 18:32:48,Fleet Manager,Madurai,Swiggy,N/A,https://careers.swiggy.com/#/careers,Visit job link for details,Visit job link for details,https://careers.swiggy.com/#/careers
09/08/2025 18:32:48,Fleet Manager,Ooty,Swiggy,N/A,https://careers.swiggy.com/#/careers,Visit job link for details,Visit job link for details,https://careers.swiggy.com/#/careers
09/08/2025 18:32:48,Fleet Manager,Karaikudi,Swiggy,N/A,https://careers.swiggy.com/#/careers,Visit job link for details,Visit job link for details,https://careers.swiggy.com/#/careers
09/08/2025 18:32:48,Manager - Finance,Bangalore,Swiggy,N/A,https://careers.swiggy.com/#/careers,Visit job link for details,Visit job link for details,https://careers.swiggy.com/#/careers
09/08/2025 18:32:48,Client Servicing Manager,Mumbai,Swiggy,N/A,https://careers.swiggy.com/#/careers,Visit job link for details,Visit job link for details,https://careers.swiggy.com/#/careers
09/08/2025 18:32:48,Sales Manager II,Coimbatore,Swiggy,N/A,https://careers.swiggy.com/#/careers,Visit job link for details,Visit job link for details,https://careers.swiggy.com/#/careers
09/08/2025 18:32:48,Sales Manager I,Ahmedabad,Swiggy,N/A,https://careers.swiggy.com/#/careers,Visit job link for details,Visit job link for details,https://careers.swiggy.com/#/careers
09/08/2025 18:32:48,Business Associate,Bangalore,Swiggy,N/A,https://careers.swiggy.com/#/careers,Visit job link for details,Visit job link for details,https://careers.swiggy.com/#/careers
09/08/2025 18:32:48,Account Manager - Retail,Surat-Regent Square - SNO,Swiggy,N/A,https://careers.swiggy.com/#/careers,Visit job link for details,Visit job link for details,https://careers.swiggy.com/#/careers
09/08/2025 18:32:48,Manager - Finance,Bangalore_Embassy Tech Village,Swiggy,N/A,https://careers.swiggy.com/#/careers,Visit job link for details,Visit job link for details,https://careers.swiggy.com/#/careers
09/08/2025 18:32:55,Key Account Manager I,Chennai,Swiggy,N/A,https://careers.swiggy.com/#/careers,Visit job link for details,Visit job link for details,https://careers.swiggy.com/#/careers
09/08/2025 18:32:55,Sales Manager I,Chennai,Swiggy,N/A,https://careers.swiggy.com/#/careers,Visit job link for details,Visit job link for details,https://careers.swiggy.com/#/careers
09/08/2025 18:32:55,Business Associate,Bangalore_Embassy Tech Village,Swiggy,N/A,https://careers.swiggy.com/#/careers,Visit job link for details,Visit job link for details,https://careers.swiggy.com/#/careers
09/08/2025 18:32:55,Senior Manager - Ad sales,Mumbai,Swiggy,N/A,https://careers.swiggy.com/#/careers,Visit job link for details,Visit job link for details,https://careers.swiggy.com/#/careers
09/08/2025 18:32:55,Account Manager - Retail,Jaipur,Swiggy,N/A,https://careers.swiggy.com/#/careers,Visit job link for details,Visit job link for details,https://careers.swiggy.com/#/careers
09/08/2025 18:32:55,Manager - MarTech,Bengaluru,Swiggy,N/A,https://careers.swiggy.com/#/careers,Visit job link for details,Visit job link for details,https://careers.swiggy.com/#/careers
09/08/2025 18:32:55,city lead,Jaipur,Swiggy,N/A,https://careers.swiggy.com/#/careers,Visit job link for details,Visit job link for details,https://careers.swiggy.com/#/careers
09/08/2025 18:32:55,Key Account Manager I,Hyderabad-Dwaraka Icon - City Office,Swiggy,N/A,https://careers.swiggy.com/#/careers,Visit job link for details,Visit job link for details,https://careers.swiggy.com/#/careers
09/08/2025 18:32:55,Content Lead,Mumbai,Swiggy,N/A,https://careers.swiggy.com/#/careers,Visit job link for details,Visit job link for details,https://careers.swiggy.com/#/careers
09/08/2025 18:32:55,Sales Manager I,Rohtak,Swiggy,N/A,https://careers.swiggy.com/#/careers,Visit job link for details,Visit job link for details,https://careers.swiggy.com/#/careers
09/08/2025 18:33:01,Executive-Videographer,Delhi,Swiggy,N/A,https://careers.swiggy.com/#/careers,Visit job link for details,Visit job link for details,https://careers.swiggy.com/#/careers
09/08/2025 18:33:01,Content Lead,Chennai,Swiggy,N/A,https://careers.swiggy.com/#/careers,Visit job link for details,Visit job link for details,https://careers.swiggy.com/#/careers
09/08/2025 18:33:01,Executive - Graphic Designer,Mumbai,Swiggy,N/A,https://careers.swiggy.com/#/careers,Visit job link for details,Visit job link for details,https://careers.swiggy.com/#/careers
09/08/2025 18:33:01,Senior Executive - RBP,Vishakapatnam,Swiggy,N/A,https://careers.swiggy.com/#/careers,Visit job link for details,Visit job link for details,https://careers.swiggy.com/#/careers
09/08/2025 18:33:01,Executive - Videographer,Bengaluru,Swiggy,N/A,https://careers.swiggy.com/#/careers,Visit job link for details,Visit job link for details,https://careers.swiggy.com/#/careers
09/08/2025 18:33:01,Content Executive,Delhi,Swiggy,N/A,https://careers.swiggy.com/#/careers,Visit job link for details,Visit job link for details,https://careers.swiggy.com/#/careers
09/08/2025 18:33:01,Analyst - Finance,Bangalore_Embassy Tech Village,Swiggy,N/A,https://careers.swiggy.com/#/careers,Visit job link for details,Visit job link for details,https://careers.swiggy.com/#/careers
09/08/2025 18:33:01,Sales Manager I,Kadapa,Swiggy,N/A,https://careers.swiggy.com/#/careers,Visit job link for details,Visit job link for details,https://careers.swiggy.com/#/careers
09/08/2025 18:33:01,Sales Manager II,Bhimavaram,Swiggy,N/A,https://careers.swiggy.com/#/careers,Visit job link for details,Visit job link for details,https://careers.swiggy.com/#/careers
09/08/2025 18:33:01,Sales Manager I,Kurnool,Swiggy,N/A,https://careers.swiggy.com/#/careers,Visit job link for details,Visit job link for details,https://careers.swiggy.com/#/careers
09/08/2025 18:33:07,Sales Manager I,Nizamabad,Swiggy,N/A,https://careers.swiggy.com/#/careers,Visit job link for details,Visit job link for details,https://careers.swiggy.com/#/careers
09/08/2025 18:33:07,Senior Strategic Account Manager,Mumbai,Swiggy,N/A,https://careers.swiggy.com/#/careers,Visit job link for details,Visit job link for details,https://careers.swiggy.com/#/careers
09/08/2025 18:33:07,General Manager - Marketing,Bangalore,Swiggy,N/A,https://careers.swiggy.com/#/careers,Visit job link for details,Visit job link for details,https://careers.swiggy.com/#/careers
09/08/2025 18:33:07,Key Account Manager I,Jammu,Swiggy,N/A,https://careers.swiggy.com/#/careers,Visit job link for details,Visit job link for details,https://careers.swiggy.com/#/careers
09/08/2025 18:33:07,Senior Executive - Marketing,Bangalore_Embassy Tech Village,Swiggy,N/A,https://careers.swiggy.com/#/careers,Visit job link for details,Visit job link for details,https://careers.swiggy.com/#/careers
09/08/2025 18:33:07,AM - Partnerships (Travel),Bangalore,Swiggy,N/A,https://careers.swiggy.com/#/careers,Visit job link for details,Visit job link for details,https://careers.swiggy.com/#/careers
09/08/2025 18:33:07,Team Member,Bangalore,Swiggy,N/A,https://careers.swiggy.com/#/careers,Visit job link for details,Visit job link for details,https://careers.swiggy.com/#/careers
09/08/2025 18:33:07,Key Account Manager I,Bangalore,Swiggy,N/A,https://careers.swiggy.com/#/careers,Visit job link for details,Visit job link for details,https://careers.swiggy.com/#/careers
09/08/2025 18:33:07,Area Manager I,Pune,Swiggy,N/A,https://careers.swiggy.com/#/careers,Visit job link for details,Visit job link for details,https://careers.swiggy.com/#/careers
09/08/2025 18:33:07,Assistant Manager - Finance (AP),Bengaluru,Swiggy,N/A,https://careers.swiggy.com/#/careers,Visit job link for details,Visit job link for details,https://careers.swiggy.com/#/careers
09/08/2025 18:33:13,Senior Executive - RBP,Pune,Swiggy,N/A,https://careers.swiggy.com/#/careers,Visit job link for details,Visit job link for details,https://careers.swiggy.com/#/careers
09/08/2025 18:33:13,Senior Executive - BD & Facilities,Chennai,Swiggy,N/A,https://careers.swiggy.com/#/careers,Visit job link for details,Visit job link for details,https://careers.swiggy.com/#/careers
09/08/2025 18:33:13,Senior Executive - BD & Facilities,Chennai,Swiggy,N/A,https://careers.swiggy.com/#/careers,Visit job link for details,Visit job link for details,https://careers.swiggy.com/#/careers
09/08/2025 18:33:13,Director of Engineering,Bangalore,Swiggy,N/A,https://careers.swiggy.com/#/careers,Visit job link for details,Visit job link for details,https://careers.swiggy.com/#/careers
09/08/2025 18:33:13,Software Dev Engineer II,Bangalore_Embassy Tech Village,Swiggy,N/A,https://careers.swiggy.com/#/careers,Visit job link for details,Visit job link for details,https://careers.swiggy.com/#/careers
09/08/2025 18:33:13,Assistant Manager - Menu Excellence,Bangalore,Swiggy,N/A,https://careers.swiggy.com/#/careers,Visit job link for details,Visit job link for details,https://careers.swiggy.com/#/careers
09/08/2025 18:33:14,Senior Executive,Ahmedabad-S.G.Road - SNO,Swiggy,N/A,https://careers.swiggy.com/#/careers,Visit job link for details,Visit job link for details,https://careers.swiggy.com/#/careers
09/08/2025 18:33:14,Senior Executive,Chennai,Swiggy,N/A,https://careers.swiggy.com/#/careers,Visit job link for details,Visit job link for details,https://careers.swiggy.com/#/careers
09/08/2025 18:33:14,Deputy Unit Manager,Hyderabad-Banjara Hills Kitchen,Swiggy,N/A,https://careers.swiggy.com/#/careers,Visit job link for details,Visit job link for details,https://careers.swiggy.com/#/careers
09/08/2025 18:33:14,Deputy Unit Manager,Bangalore_Embassy Tech Village,Swiggy,N/A,https://careers.swiggy.com/#/careers,Visit job link for details,Visit job link for details,https://careers.swiggy.com/#/careers
09/08/2025 18:33:20,Deputy Unit Manager,Manikonda Kitchen,Swiggy,N/A,https://careers.swiggy.com/#/careers,Visit job link for details,Visit job link for details,https://careers.swiggy.com/#/careers
09/08/2025 18:33:20,Software Dev Engineer II,Bangalore_Embassy Tech Village,Swiggy,N/A,https://careers.swiggy.com/#/careers,Visit job link for details,Visit job link for details,https://careers.swiggy.com/#/careers
09/08/2025 18:33:20,Executive - Events & Partnership,Pune,Swiggy,N/A,https://careers.swiggy.com/#/careers,Visit job link for details,Visit job link for details,https://careers.swiggy.com/#/careers
09/08/2025 18:33:20,Manager - HRBP (Mumbai),Mumbai,Swiggy,N/A,https://careers.swiggy.com/#/careers,Visit job link for details,Visit job link for details,https://careers.swiggy.com/#/careers
09/08/2025 18:33:20,Area Supervisor,Delhi,Swiggy,N/A,https://careers.swiggy.com/#/careers,Visit job link for details,Visit job link for details,https://careers.swiggy.com/#/careers
09/08/2025 18:33:20,Capex - Lead,Bangalore_Embassy Tech Village,Swiggy,N/A,https://careers.swiggy.com/#/careers,Visit job link for details,Visit job link for details,https://careers.swiggy.com/#/careers
09/08/2025 18:33:20,Senior Fleet Manager,Amritsar,Swiggy,N/A,https://careers.swiggy.com/#/careers,Visit job link for details,Visit job link for details,https://careers.swiggy.com/#/careers
09/08/2025 18:33:20,Sales Manager,Faridabad,Swiggy,N/A,https://careers.swiggy.com/#/careers,Visit job link for details,Visit job link for details,https://careers.swiggy.com/#/careers
09/08/2025 18:33:20,Lead - Maintenance,NCR,Swiggy,N/A,https://careers.swiggy.com/#/careers,Visit job link for details,Visit job link for details,https://careers.swiggy.com/#/careers
09/08/2025 18:33:20,Senior Executive - RBP,Hyderabad-Dwaraka Icon - City Office,Swiggy,N/A,https://careers.swiggy.com/#/careers,Visit job link for details,Visit job link for details,https://careers.swiggy.com/#/careers
09/08/2025 18:33:26,Senior Manager - Finance,Bangalore,Swiggy,N/A,https://careers.swiggy.com/#/careers,Visit job link for details,Visit job link for details,https://careers.swiggy.com/#/careers
09/08/2025 18:33:26,Deputy Unit Manager,Hyderabad,Swiggy,N/A,https://careers.swiggy.com/#/careers,Visit job link for details,Visit job link for details,https://careers.swiggy.com/#/careers
09/08/2025 18:33:26,Deputy Unit Manager,Delhi,Swiggy,N/A,https://careers.swiggy.com/#/careers,Visit job link for details,Visit job link for details,https://careers.swiggy.com/#/careers
09/08/2025 18:33:26,Area Supervisor,Hyderabad,Swiggy,N/A,https://careers.swiggy.com/#/careers,Visit job link for details,Visit job link for details,https://careers.swiggy.com/#/careers
09/08/2025 18:33:26,Sales Manager I,Mancherial,Swiggy,N/A,https://careers.swiggy.com/#/careers,Visit job link for details,Visit job link for details,https://careers.swiggy.com/#/careers
09/08/2025 18:33:26,Deputy Unit Manager,Pune,Swiggy,N/A,https://careers.swiggy.com/#/careers,Visit job link for details,Visit job link for details,https://careers.swiggy.com/#/careers
09/08/2025 18:33:26,Deputy Unit Manager,Bangalore,Swiggy,N/A,https://careers.swiggy.com/#/careers,Visit job link for details,Visit job link for details,https://careers.swiggy.com/#/careers
09/08/2025 18:33:26,Sr Executive - Relationship & Business Performance,Chennai,Swiggy,N/A,https://careers.swiggy.com/#/careers,Visit job link for details,Visit job link for details,https://careers.swiggy.com/#/careers
09/08/2025 18:33:26,Manager - Finance,Bangalore,Swiggy,N/A,https://careers.swiggy.com/#/careers,Visit job link for details,Visit job link for details,https://careers.swiggy.com/#/careers
09/08/2025 18:33:26,Senior Executive - Site Engineer,Bangalore,Swiggy,N/A,https://careers.swiggy.com/#/careers,Visit job link for details,Visit job link for details,https://careers.swiggy.com/#/careers
09/08/2025 18:33:32,Senior Executive - Site Engineer,Kolkata-Shaila Towers - SNO,Swiggy,N/A,https://careers.swiggy.com/#/careers,Visit job link for details,Visit job link for details,https://careers.swiggy.com/#/careers
09/08/2025 18:33:32,Senior Executive - Site Engineer,Chennai,Swiggy,N/A,https://careers.swiggy.com/#/careers,Visit job link for details,Visit job link for details,https://careers.swiggy.com/#/careers
09/08/2025 18:33:32,Senior Executive - Site Engineer,NCR,Swiggy,N/A,https://careers.swiggy.com/#/careers,Visit job link for details,Visit job link for details,https://careers.swiggy.com/#/careers
09/08/2025 18:33:32,Area Supervisor,Bangalore,Swiggy,N/A,https://careers.swiggy.com/#/careers,Visit job link for details,Visit job link for details,https://careers.swiggy.com/#/careers
09/08/2025 18:33:32,Sr Executive - Relationship & Business Performance,Chennai,Swiggy,N/A,https://careers.swiggy.com/#/careers,Visit job link for details,Visit job link for details,https://careers.swiggy.com/#/careers
09/08/2025 18:33:32,Lead- BD & Facilities,Bangalore,Swiggy,N/A,https://careers.swiggy.com/#/careers,Visit job link for details,Visit job link for details,https://careers.swiggy.com/#/careers
09/08/2025 18:33:32,Senior Executive - QHSE,NCR,Swiggy,N/A,https://careers.swiggy.com/#/careers,Visit job link for details,Visit job link for details,https://careers.swiggy.com/#/careers
09/08/2025 18:33:32,Senior Executive - Site Engineer,NCR,Swiggy,N/A,https://careers.swiggy.com/#/careers,Visit job link for details,Visit job link for details,https://careers.swiggy.com/#/careers
09/08/2025 18:33:32,Senior Executive - Site Engineer,Bangalore,Swiggy,N/A,https://careers.swiggy.com/#/careers,Visit job link for details,Visit job link for details,https://careers.swiggy.com/#/careers
09/08/2025 18:33:32,Area Supervisor,Hyderabad,Swiggy,N/A,https://careers.swiggy.com/#/careers,Visit job link for details,Visit job link for details,https://careers.swiggy.com/#/careers
09/08/2025 18:33:38,Area Supervisor,Pune,Swiggy,N/A,https://careers.swiggy.com/#/careers,Visit job link for details,Visit job link for details,https://careers.swiggy.com/#/careers
09/08/2025 18:33:38,Area Supervisor,Chennai,Swiggy,N/A,https://careers.swiggy.com/#/careers,Visit job link for details,Visit job link for details,https://careers.swiggy.com/#/careers
09/08/2025 18:33:38,Sr Executive - Relationship & Business Performance,Chennai,Swiggy,N/A,https://careers.swiggy.com/#/careers,Visit job link for details,Visit job link for details,https://careers.swiggy.com/#/careers
09/08/2025 18:33:38,Vendor Development Chef,Mumbai,Swiggy,N/A,https://careers.swiggy.com/#/careers,Visit job link for details,Visit job link for details,https://careers.swiggy.com/#/careers
09/08/2025 18:33:38,Vendor Development Chef,Chennai,Swiggy,N/A,https://careers.swiggy.com/#/careers,Visit job link for details,Visit job link for details,https://careers.swiggy.com/#/careers
09/08/2025 18:33:38,Lead - BD & Facilities,Delhi,Swiggy,N/A,https://careers.swiggy.com/#/careers,Visit job link for details,Visit job link for details,https://careers.swiggy.com/#/careers
09/08/2025 18:33:38,Sr Executive - Relationship & Business Performance,Madurai,Swiggy,N/A,https://careers.swiggy.com/#/careers,Visit job link for details,Visit job link for details,https://careers.swiggy.com/#/careers
09/08/2025 18:33:39,Sr Executive - Relationship & Business Performance,Erode,Swiggy,N/A,https://careers.swiggy.com/#/careers,Visit job link for details,Visit job link for details,https://careers.swiggy.com/#/careers
09/08/2025 18:33:39,Onboarding Executive,Pune,Swiggy,N/A,https://careers.swiggy.com/#/careers,Visit job link for details,Visit job link for details,https://careers.swiggy.com/#/careers
09/08/2025 18:33:39,Sr Executive - Relationship & Business Performance,Tirupati,Swiggy,N/A,https://careers.swiggy.com/#/careers,Visit job link for details,Visit job link for details,https://careers.swiggy.com/#/careers
09/08/2025 18:33:45,Sr Executive - Relationship & Business Performance,Nellore,Swiggy,N/A,https://careers.swiggy.com/#/careers,Visit job link for details,Visit job link for details,https://careers.swiggy.com/#/careers
